{"cameraMode":{"drawMode":0,"name":"Shaded","section":"Shading Mode"},"sceneLighting":true,"audioPlay":false,"sceneViewState":{"showFog":true,"showMaterialUpdate":false,"showSkybox":true,"showFlares":true,"showImageEffects":true,"showParticleSystems":true},"in2DMode":false,"pivot":{"x":0.6709635257720947,"y":-1.5383540391921998,"z":-1.4575941562652588},"rotation":{"x":0.0956755131483078,"y":0.5235944390296936,"z":-0.05931602418422699,"w":0.8445071578025818},"size":4.162822246551514,"orthographic":false}