{"cameraMode":{"drawMode":0,"name":"Shaded","section":"Shading Mode"},"sceneLighting":true,"audioPlay":false,"sceneViewState":{"showFog":true,"showMaterialUpdate":false,"showSkybox":true,"showFlares":true,"showImageEffects":true,"showParticleSystems":true},"in2DMode":false,"pivot":{"x":0.016258716583251954,"y":-1.5452096462249756,"z":-1.0810246467590333},"rotation":{"x":0.08768554776906967,"y":0.48829999566078188,"z":-0.04939108341932297,"w":0.8668588995933533},"size":4.339489459991455,"orthographic":false}