{"cameraMode":{"drawMode":0,"name":"Shaded","section":"Shading Mode"},"sceneLighting":true,"audioPlay":false,"sceneViewState":{"showFog":true,"showMaterialUpdate":false,"showSkybox":true,"showFlares":true,"showImageEffects":true,"showParticleSystems":true},"in2DMode":false,"pivot":{"x":-1.3818752765655518,"y":-1.2554481029510499,"z":-2.520599126815796},"rotation":{"x":0.07681412994861603,"y":0.5436305999755859,"z":-0.05004953593015671,"w":0.8343081474304199},"size":2.290273427963257,"orthographic":false}